line_number,text,confidence,has_chinese
1,医疗报告,0.999919593334198,True
2,患者：张三,0.9935961961746216,True
3,年龄：45岁,0.997174084186554,True
4,诊断：高血压,0.9918051362037659,True
5,药物：降压片,0.9937273859977722,True
6,剂量：10mg,0.9956945776939392,True
7,频次：每日一次,0.9929918050765991,True
8,医生：李医生,0.9959614872932434,True
